[
    {
        "id": 1,
        "name": "Web Development Bootcamp",
        "description": "Learn HTML, CSS, JavaScript, and React.",
        "price": "299 Taka.",
        "image": "images/web-dev.jpg"
    },
    {
        "id": 2,
        "name": "Python for Data Science",
        "description": "Master Python and data analysis techniques.",
        "price": "399 Taka.",
        "image": "img/course/img1.jpg"
    },
    {
        "id": 3,
        "name": "Graphic Design Essentials",
        "description": "Design stunning graphics using Photoshop.",
        "price": "199 Taka",
        "image": "images/graphic-design.jpg"
    },
    {
        "id": 4,
        "name": "Digital Marketing Basics",
        "description": "Understand SEO, PPC, and Social Media Marketing.",
        "price": "249 Taka.",
        "image": "images/digital-marketing.jpg"
    },
    {
        "id": 5,
        "name": "Mobile App Development",
        "description": "Create mobile apps using Flutter and Dart.",
        "price": "349 Taka.",
        "image": "images/mobile-app.jpg"
    }
]
