[
    {
        "id": 1,
        "name": "Product 1",
        "description": "Description of product 1",
        "price": 500,
        "image": "img/product/img1.jpg"
    },
    {
        "id": 2,
        "name": "Product 2",
        "description": "Description of product 2",
        "price": 700,
        "image": "img/product/img2.jpg"
    },
    {
        "id": 3,
        "name": "Product 3",
        "description": "Description of product 3",
        "price": 900,
        "image": "img/product/img3.jpg"
    },
    {
        "id": 4,
        "name": "Product 4",
        "description": "Description of product 4",
        "price": 1200,
        "image": "img/product/img1.jpg"
    }
]
